404	https://achmeabank.nl/en/news/achmea-splits-mortgage-and-real-estate-activities-of-syntrus-achmea-real-estate-and-finance	-
404	https://adviseur.scildon.nl/binaries/content/assets/downloads/rapportage-provisieverbod.pdf	-
404	https://adviseurs.woonnu.nl/nieuwsoverzicht/verlenging-looptijd-bouwdepot-verbouw-van-6-naar-12-maanden/	-
404	https://adviseurs.woonnu.nl/situaties/groene-meeneemregeling/	https://web.archive.org/web/20260306143340/https://adviseurs.woonnu.nl/situaties/groene-meeneemregeling/
404	https://adviseurs.woonnu.nl/situaties/nieuwbouw/	https://web.archive.org/web/20260306145826/https://adviseurs.woonnu.nl/situaties/nieuwbouw/
202	https://anker.nl/merken/anker-rechtsbijstand/	-
404	https://asrnederland.nl/-/media/files/asrnederland-nl/nieuws-en-pers/2021/20210330persbericht--asr-rondt-overname-brand-new-day-ppi-afnl.pdf	https://web.archive.org/web/20240703214626/https://www.asrnederland.nl/-/media/files/asrnederland-nl/nieuws-en-pers/2021/20210330persbericht--asr-rondt-overname-brand-new-day-ppi-afnl.pdf
404	https://bnpparibas-pf.nl/hypotheken/voorwaarden-en-downloads/Dienstverleningsdocument%20Hypotheken	-
404	https://bpfbouw.nl/content/dam/bpfbouw/documents/pdf/werkgevers/bpfbouw_presentatie_bijeenkomst_bex_vervolgstappen_oktober%202024.pdf	https://web.archive.org/web/20241202195626/https://www.bpfbouw.nl/content/dam/bpfbouw/documents/pdf/werkgevers/bpfbouw_presentatie_bijeenkomst_bex_vervolgstappen_oktober%202024.pdf
404	https://files.vistahypotheken.nl/1727868389-hypothekengids-vista-hypotheken-versie-september-2024-1.pdf	https://web.archive.org/web/20241010020616/https://files.vistahypotheken.nl/1727868389-hypothekengids-vista-hypotheken-versie-september-2024-1.pdf
404	https://files.vistahypotheken.nl/1751270576-klantbrochure-vista-hypotheken_toegankelijkheid_2025.pdf	https://web.archive.org/web/20251122150004/https://files.vistahypotheken.nl/1751270576-klantbrochure-vista-hypotheken_toegankelijkheid_2025.pdf
404	https://florius.nl/-/media/florius/files/formulieren/overig/productkaart-florius-verduurzaam-hypotheek.pdf	-
404	https://hollandwoont.nl/hypotheek/extra-aflossen/	-
404	https://hollandwoont.nl/onafhankelijk-hypotheekadvies/	https://web.archive.org/web/20250710042221/https://hollandwoont.nl/onafhankelijk-hypotheekadvies/
404	https://media.aonverzekeringen.nl/-/media/Files/Particulier/Verzekeringen/Rechtsbijstandverzekering/AON-TG-DAS-Rechtsbijstand-2023-01-V1.pdf	-
404	https://munthypotheken.nl/veelgestelde-vragen/uw-hypotheek/wat-is-bereidstellingsprovisie	-
404	https://nieuwepensioenregels.pfzw.nl/slapers	https://web.archive.org/web/20250718133304/https://nieuwepensioenregels.pfzw.nl/slapers/
404	https://obvion.nl/artikel-1/Rentetarieven-Obvion-Woon-Hypotheek-4-mei-2021	https://web.archive.org/web/20240903131756/https://www.obvion.nl/artikel-1/Rentetarieven-Obvion-Woon-Hypotheek-4-mei-2021
404	https://partners.lenderspender.nl/support/go-green-lening	https://web.archive.org/web/20260117074936/https://partners.lenderspender.nl/support/go-green-lening
404	https://woonnu.nl/ontdek-woonnu/hypotheekproducten/bouwdepot/	https://web.archive.org/web/20240416171246/https://woonnu.nl/ontdek-woonnu/hypotheekproducten/bouwdepot/
404	https://woonnu.nl/verduurzamen-interessant-voor-mij/	-
404	https://www.abp.nl/content/dam/abp/documenten/juridisch/abp-wettelijk-communicatieplan-2025.pdf	-
404	https://www.achmeabank.nl/en/news/achmea-bank-treedt-toe-tot-platform-dmfco-en-investeert-in-munt-hypotheken	-
404	https://www.adfiz.nl/dossiers/actief-klantbeheer	https://web.archive.org/web/20260606082946/https://www.adfiz.nl/dossiers/actief-klantbeheer
404	https://www.adfiz.nl/dossiers/ai/ai-tools-tricks-en-tips/	-
404	https://www.adfiz.nl/dossiers/dsa/	https://web.archive.org/web/20260419202017/https://www.adfiz.nl/dossiers/dsa/
404	https://www.adfiz.nl/dossiers/transparantie-schadeverzekeringen/	https://web.archive.org/web/20260518062723/https://www.adfiz.nl/dossiers/transparantie-schadeverzekeringen/
404	https://www.adfiz.nl/dossiers/zorgplicht/zorgplicht-bij-portefeuilleoverdracht/	https://web.archive.org/web/20260510231926/https://www.adfiz.nl/dossiers/zorgplicht/zorgplicht-bij-portefeuilleoverdracht/
404	https://www.adfiz.nl/dossiers/zorgplicht/zorgplicht-hulpmiddelen-bij-afspraken-over-dienstverlening/	https://web.archive.org/web/20260510235126/https://www.adfiz.nl/dossiers/zorgplicht/zorgplicht-hulpmiddelen-bij-afspraken-over-dienstverlening/
404	https://www.adfiz.nl/financieel-adviseurs/voorwaarden	https://web.archive.org/web/20251206034751/https://adfiz.nl/financieel-adviseurs/voorwaarden/
404	https://www.adfiz.nl/nieuws/adfiz-berichten/extra-eisen-in-de-beleidsregel-geschiktheid-voor-adviseur-bemiddelaar-onder-het-toepassingsbereik-van-dora/	https://web.archive.org/web/20240529015108/https://www.adfiz.nl/nieuws/adfiz-berichten/extra-eisen-in-de-beleidsregel-geschiktheid-voor-adviseur-bemiddelaar-onder-het-toepassingsbereik-van-dora/
404	https://www.adfiz.nl/nieuws/adfiz-evenementen/webinar-fiscale-gevolgen-niet-tijdig-aanpassen-van-pensioenregeling-aan-wtp/	https://web.archive.org/web/20251118001905/https://www.adfiz.nl/nieuws/adfiz-evenementen/webinar-fiscale-gevolgen-niet-tijdig-aanpassen-van-pensioenregeling-aan-wtp/
404	https://www.asnbank.nl/nieuws-pers/asn-hypotheek-nu-ook-beschikbaar-via-serviceprovider-huismerk.html	https://web.archive.org/web/20260612143312/https://www.asnbank.nl/nieuws-pers/asn-hypotheek-nu-ook-beschikbaar-via-serviceprovider-huismerk.html
404	https://www.asr.nl/asr/api/asrnl/pod/getdirectpdf?uri=%2FPOD%2Fr%2FPdf%2F53997.pdf	https://web.archive.org/web/20260514011135/https://www.asr.nl/asr/api/asrnl/pod/getdirectpdf?uri=/POD/r/Pdf/53997.pdf
404	https://www.asr.nl/blog/wat-is-mogelijk-voor-aowers-die-willen-oversluiten	https://web.archive.org/web/20260616021525/https://www.asr.nl/blog/wat-is-mogelijk-voor-aowers-die-willen-oversluiten
404	https://www.bnpparibas-pf.nl/lenen/de-persoonlijkste-lening/geselecteerde-financieel-adviseurs	-
404	https://www.bnpparibascardif.nl/nieuws/cardif-vernieuwt-inkomstenvalmeter	https://web.archive.org/web/20190819121628/https://www.bnpparibascardif.nl/nieuws/cardif-vernieuwt-inkomstenvalmeter
404	https://www.bovemij.nl/content/dienstenwijzerverzekeringen	-
404	https://www.centraalbeheer.nl/duurzaam-woongemak/financieren-van-verduurzamen/via-de-hypotheek	-
404	https://www.dazure.nl/sites/dazure/files/Medische%20acceptatie%20document_0.pdf	-
404	https://www.defam.nl/voor-partners/methodiek/	https://web.archive.org/web/20251109200348/https://www.defam.nl/voor-partners/methodiek/
404	https://www.draagplicht.nl/draagplichtovereenkomst/	-
404	https://www.eerstekamer.nl/wetsvoorstel/36860	-
404	https://www.goudse.nl/-/media/files/goudse/brochure-ondernemers-aov-771129.pdf	-
404	https://www.handelsbanken.nl/nl/particulier/hypotheken/nieuw-huis-kopen	https://web.archive.org/web/20251117211957/https://www.handelsbanken.nl/nl/particulier/hypotheken/nieuw-huis-kopen
404	https://www.hetcak.nl/zorg-vanuit-de-wlz/lage-hoge-eigen-bijdrage-betalen/	https://web.archive.org/web/20260922193732/https://www.hetcak.nl/zorg-vanuit-de-wlz/lage-hoge-eigen-bijdrage-betalen/
404	https://www.hollandwoont.nl/hypotheek/extra-aflossen/	https://web.archive.org/web/20250519052021/https://hollandwoont.nl/hypotheek/extra-aflossen/
404	https://www.huizengids.nl/onze-diensten/	-
404	https://www.iqwoon.nl/blog/iqwoon-biedt-als-beste-uit-test-consumentenbond-met-toepassen-automatische-risicoklasse-aanpassing	https://web.archive.org/web/20250325075105/https://www.iqwoon.nl/blog/iqwoon-biedt-als-beste-uit-test-consumentenbond-met-toepassen-automatische-risicoklasse-aanpassing
404	https://www.iqwoon.nl/ik-vraag-hoofdelijk-ontslag-aan	https://web.archive.org/web/20231002041127/https://www.iqwoon.nl/ik-vraag-hoofdelijk-ontslag-aan
404	https://www.kifid.nl/judgement/uitspraak-2017-282-bindend/	https://web.archive.org/web/20200930041219/https://www.kifid.nl/judgement/uitspraak-2017-282-bindend/
404	https://www.kifid.nl/judgement/uitspraak-2017-480-bindend/	-
404	https://www.kifid.nl/nieuws/judgement/uitspraak-2014-363-bindend/	-
404	https://www.klaverblad.nl/blog/meer-blogs/is-schade-door-wateroverlast-verzekerd.htm	-
404	https://www.klaverblad.nl/nieuws/nieuwsartikel/klaverblad-introduceert-nieuwe-arbeidsongeschiktheidsverzekering	-
404	https://www.leningen.nl/kredietverstrekkers/ribank/	https://web.archive.org/web/20191212222430/https://www.leningen.nl/kredietverstrekkers/ribank/
404	https://www.lloydsbank.nl/dam/jcr:3aefe396-d61d-45af-9c44-a6b77c1409d6/productkaart-verduurzamingshypotheek.pdf	-
404	https://www.lloydsbank.nl/dam/jcr:6d5ae547-9fd0-44e0-a08d-a1b5f7a0f3b6/productkaart-lloyds-bank-hypotheek.pdf	-
404	https://www.lloydsbank.nl/wie-zijn-wij/werken-bij/Hypotheek-Acceptant-ISD	https://web.archive.org/web/20250701131345/https://www.lloydsbank.nl/wie-zijn-wij/werken-bij/Hypotheek-Acceptant-ISD
404	https://www.msamlin.com/en/contact.html	-
404	https://www.munthypotheken.nl/kazan/munt-acceptatie-tips/de-seniorenpropositie/	https://web.archive.org/web/20251007121921/https://www.munthypotheken.nl/kazan/munt-acceptatie-tips/de-seniorenpropositie/
404	https://www.munthypotheken.nl/kazan/munt-acceptatie-tips/een-bouwdepot-bij-munt/	https://web.archive.org/web/20251007121401/https://www.munthypotheken.nl/kazan/munt-acceptatie-tips/een-bouwdepot-bij-munt/
404	https://www.munthypotheken.nl/site/assets/files/1838/av_25_02.pdf	https://web.archive.org/web/20260311070324/https://www.munthypotheken.nl/site/assets/files/1838/av_25_02.pdf
404	https://www.nvb.nl/media/su4lyvgn/protocol-incidenten-waarschuwingssysteem-financi%C3%ABle-instellingen-2026.pdf	-
404	https://www.obvion.nl/Financien/Hypotheek-aflossen.htm	https://web.archive.org/web/20170718175837/https://www.obvion.nl/Financien/Hypotheek-aflossen.htm
404	https://www.obvion.nl/faq/Waarom-werkt-Obvion-uitsluitend-met-adviseurs-1.htm	-
404	https://www.reaal.nl/49a27c/siteassets/documents/overlijdensrisicoverzekering/voorwaarden-orv-senior.pdf	-
404	https://www.reaal.nl/49a27c/siteassets/documents/overlijdensrisicoverzekering/voorwaarden-orv-start.pdf	-
404	https://www.reaal.nl/klantenservice/antwoord/hoe-wijzig-ik-de-financieel-adviseur-op-mijn-verzekering/	https://web.archive.org/web/20210922230947/https://www.reaal.nl/klantenservice/antwoord/hoe-wijzig-ik-de-financieel-adviseur-op-mijn-verzekering/
404	https://www.reaal.nl/klantenservice/antwoord/overlijdensrisicoverzekering/	-
404	https://www.reaal.nl/klantenservice/antwoord/verpand/	-
404	https://www.reaal.nl/klantenservice/hersteladvies-en-verzekeringscheck/	https://web.archive.org/web/20240911191642/https://www.reaal.nl/klantenservice/hersteladvies-en-verzekeringscheck/
404	https://www.reaal.nl/verzekering/overlijdensrisicoverzekering/orv-start/automatische-beoordeling/	https://web.archive.org/web/20221005225133/https://www.reaal.nl/verzekering/overlijdensrisicoverzekering/orv-start/automatische-beoordeling/
404	https://www.rijksoverheid.nl/actueel/nieuws/2026/06/16/eerste-kamer-stemt-in-met-bedrag-ineens	-
404	https://www.rijksoverheid.nl/onderwerpen/zorgverzekering/vraag-en-antwoord/	https://web.archive.org/web/20260208073357/https://www.rijksoverheid.nl/onderwerpen/zorgverzekering/vraag-en-antwoord
404	https://www.robeco.nl/laten-beleggen/robeco-life/	https://web.archive.org/web/20230924064543/https://www.robeco.nl/laten-beleggen/robeco-life/
404	https://www.robuusthypotheken.nl/duurzamer-wonen/	https://web.archive.org/web/20250427165315/https://www.robuusthypotheken.nl/duurzamer-wonen/
404	https://www.robuusthypotheken.nl/hypotheek-met-perspectiefverklaring	https://web.archive.org/web/20221203062450/https://www.robuusthypotheken.nl/hypotheek-met-perspectiefverklaring
404	https://www.scildon.nl/wp-content/uploads/2024/04/Kleine-keuring-2024.pdf	-
404	https://www.seh.nl/kennisbank/kifid-klant-die-naar-rabobank-stapte-moet-factuur-adviseur-alsnog-betalen	-
404	https://www.sociohypotheek.nl/adviseursportaal/	https://web.archive.org/web/20260515164551/https://www.sociohypotheek.nl/adviseursportaal/
404	https://www.sociohypotheek.nl/assets/files/renteberekening-uitleg-03072024.pdf	https://web.archive.org/web/20240922015257/https://www.sociohypotheek.nl/assets/files/renteberekening-uitleg-03072024.pdf
404	https://www.surebusiness.nl/over-ons/vragen-of-klachten	https://web.archive.org/web/20251214232038/https://www.surebusiness.nl/over-ons/vragen-of-klachten
404	https://www.triodos.nl/downloads/acceptatiebeleid-hypotheken-januari-2026?id=76259f3a29aa	https://web.archive.org/web/20260120100433/https://www.triodos.nl/downloads/acceptatiebeleid-hypotheken-januari-2026?id=76259f3a29aa
404	https://www.unigarant.nl/globalassets/media/voorwaarden/unigarant/auto_aut_uge.pdf	https://web.archive.org/web/20240616191450/https://www.unigarant.nl//globalassets/media/voorwaarden/unigarant/auto_aut_uge.pdf
404	https://www.verzekeraars.nl/branche/zelfregulering/overzicht-zelfregulering/verlenging-en-contractstermijnen-zakelijke-schade-en-inkomensverzekeringen-gedragscode	-
404	https://www.verzekeraars.nl/branche/zelfreguleringsoverzicht-digiwijzer/gedragscode-persoonlijk-onderzoek	https://web.archive.org/web/20240803202039/https://www.verzekeraars.nl/branche/zelfreguleringsoverzicht-digiwijzer/gedragscode-persoonlijk-onderzoek
404	https://www.verzekeraars.nl/publicaties/actueel/zomer-2025-e%C3%A9n-op-de-tien-nederlanders-gaat-zonder-reisverzekering-op-pad	https://web.archive.org/web/20250911155210/https://www.verzekeraars.nl/publicaties/actueel/zomer-2025-e%C3%A9n-op-de-tien-nederlanders-gaat-zonder-reisverzekering-op-pad
404	https://www.vrijlevenhypotheek.nl/assets/uploads/2026/01/Acceptatiegids-Vrij-Leven-Januari-2026-definitief-1.pdf	https://web.archive.org/web/20260213142254/https://www.vrijlevenhypotheek.nl/assets/uploads/2026/01/Acceptatiegids-Vrij-Leven-Januari-2026-definitief-1.pdf
404	https://www.zwitserleven.nl/4af8d0/siteassets/documenten/doelgroepomschrijving/nu-pensioen-doelgroepomschrijving.pdf	-
410	https://zakelijk.kadaster.nl/wkpb	https://web.archive.org/web/20200413001349/https://zakelijk.kadaster.nl/wkpb
